---
title: SQL 문 사용하기
categories: [sql]
comments: true
---
# 애트리뷰트가 부족해서 추가.  
ALTER 테이블명 ADD 속성명(데이터 타입);
```sql
mysql> select * from RevList where Start='서울' and Des='안동' and time='1300';
+----+--------+--------+------+------+------+
| id | Start  | Des    | time | seat | can  |
+----+--------+--------+------+------+------+
| 18 | 서울   | 안동   | 1300 | 1    | 1    |
| 19 | 서울   | 안동   | 1300 | 2    | 1    |
| 20 | 서울   | 안동   | 1300 | 3    | 0    |
| 21 | 서울   | 안동   | 1300 | 4    | 1    |
| 22 | 서울   | 안동   | 1300 | 5    | 1    |
| 23 | 서울   | 안동   | 1300 | 6    | 1    |
| 24 | 서울   | 안동   | 1300 | 7    | 0    |
| 25 | 서울   | 안동   | 1300 | 8    | 0    |
| 26 | 서울   | 안동   | 1300 | 9    | 1    |
| 27 | 서울   | 안동   | 1300 | 10   | 1    |
+----+--------+--------+------+------+------+
10 rows in set (0.00 sec)

mysql> alter table RevList add date CHAR(20);
Query OK, 0 rows affected (0.03 sec)
Records: 0  Duplicates: 0  Warnings: 0
```     

# RevList 구성도
```sql
mysql> DESC RevList;
+-------+----------+------+-----+---------+----------------+
| Field | Type     | Null | Key | Default | Extra          |
+-------+----------+------+-----+---------+----------------+
| id    | int      | NO   | PRI | NULL    | auto_increment |
| Start | char(20) | YES  |     | NULL    |                |
| Des   | char(20) | YES  |     | NULL    |                |
| time  | char(20) | YES  |     | NULL    |                |
| seat  | char(3)  | YES  |     | NULL    |                |
| can   | char(2)  | YES  |     | NULL    |                |
| date  | char(20) | YES  |     | NULL    |                |
+-------+----------+------+-----+---------+----------------+
7 rows in set (0.01 sec)
```



# 추가 항목에 값 집어 넣기 
UPDATE 테이블명 SET 바꿀값 WHERE 조건;
```sql
mysql> select * from RevList where Start='서울' and Des='안동' and time='1300'; 
+----+--------+--------+------+------+------+------------+
| id | Start  | Des    | time | seat | can  | date       |
+----+--------+--------+------+------+------+------------+
| 18 | 서울   | 안동   | 1300 | 1    | 0    | 2021:05:01 |
| 19 | 서울   | 안동   | 1300 | 2    | 1    | 2021:05:01 |
| 20 | 서울   | 안동   | 1300 | 3    | 0    | 2021:05:01 |
| 21 | 서울   | 안동   | 1300 | 4    | 1    | 2021:05:01 |
| 22 | 서울   | 안동   | 1300 | 5    | 1    | 2021:05:01 |
| 23 | 서울   | 안동   | 1300 | 6    | 1    | 2021:05:01 |
| 24 | 서울   | 안동   | 1300 | 7    | 0    | 2021:05:01 |
| 25 | 서울   | 안동   | 1300 | 8    | 0    | 2021:05:01 |
| 26 | 서울   | 안동   | 1300 | 9    | 1    | 2021:05:01 |
| 27 | 서울   | 안동   | 1300 | 10   | 1    | 2021:05:01 |
+----+--------+--------+------+------+------+------------+
10 rows in set (0.00 sec)

mysql> update RevList Set date='2021:05:01' where time='1300' and Start='서울' and Des='안동' and seat='10';
```
# 모든 버스 아이디 초기화 하기
```sql
update RevList set user=NULL;
```
# 모든 버스 이용 가능하게 하기
```sql
update RevList set can=1;   
```       
# 값 삽입하기
```sql
Insert INTO RevList(Start,Des,time, seat,can,date) VALUES ('서울','안동','1700','10','1','2021:05:02');
```
